Site,SampleLocationName,Total_C_stock_kg_m2_0to50cm,Total_N_stock_kg_m2_0to50cm,X,Y,mean_disp_rate,soc_0_20,snow,elev,slope,aspect,drainagearea,curv,ndvi,pf
TL27,TL27 NonPF Core 13,10.97933222,0.317406241,454134.5091,7180197.471,0.018760678,3.73,136,263.21964,3.5545733,155.37804,29.0239,0.000440072,0.71414566,0.44444445
TL27,TL27 NonPF Core 3,11.13929251,0.647086356,454827.9905,7178958.053,0.01519083,10.16,117,128.31755,5.2814155,144.86572,175.10281,1.66E-05,0.71839774,0.6666667
TL27,TL27 NonPF Core 8,5.682283491,0.417070949,454802.4897,7178928.341,0.01519083,4.49,117,127.105995,4.841823,146.08742,98.88038,0.002011257,0.68941677,1
TL27,TL27 NonPF Core 9,20.60685122,0.885234513,454352.6583,7179642.101,0.029773863,8.03,117,216.59967,6.243268,150.18915,29.666853,0.003112488,0.7199883,0.11111111
TL27,TL27 PF Core 15,18.66561714,1.142120501,454917.1268,7178742.05,0.024249427,25.7,117,107.87566,3.2404706,165.08734,40.545822,0.00214477,0.7131923,0.44444445
TL27,TL27 PF Core 16,27.53810499,1.776466637,454923.3143,7178738.502,0.02748256,27.495,117,107.27311,4.8559384,151.97311,42.540745,0.002833914,0.6747711,1